ticker,regime,entry_date,entry_price,exit_date,exit_price,shares,gross_pl,return_pct,exit_reason
TQQQ,bull,2026-04-03,40.880001,2026-04-08,47.428001,100,654.8,16.0176,rotation_to_SOXL
SOXL,bull,2026-04-03,46.060001,2026-04-28,109.56,100,6350.0,137.8637,cash_zone_score_-1.6
SOXL,bull,2026-04-30,122.81,2026-05-04,127.55,92,436.08,3.8596,cash_zone_score_2.0
SOXL,bull,2026-05-05,135.0,2026-05-12,172.52,87,3264.24,27.7926,trailing_stop
SOXL,bull,2026-05-12,177.62,2026-05-15,164.18,66,-887.04,-7.5667,trailing_stop
TQQQ,bull,2026-05-18,76.135,2026-05-20,76.51,184,69.0,0.4925,rotation_to_SOXL
SOXL,bull,2026-05-20,161.0,2026-06-01,227.03,87,5744.61,41.0124,trailing_stop
SOXL,bull,2026-06-01,217.265,2026-06-04,262.7,65,2953.28,20.9123,trailing_stop
SOXL,bull,2026-06-04,242.04,2026-06-05,182.54,80,-4760.0,-24.5827,trailing_stop
